<keymap version="1" name="Default copy" parent="$default">
  <action id="ClassNameCompletion">
    <keyboard-shortcut first-keystroke="alt s" />
  </action>
  <action id="CloseAllEditors">
    <keyboard-shortcut first-keystroke="ctrl alt w" />
  </action>
  <action id="CloseContent">
    <keyboard-shortcut first-keystroke="ctrl w" />
  </action>
  <action id="EditorContextInfo" />
  <action id="EditorDeleteLine">
    <keyboard-shortcut first-keystroke="alt d" />
  </action>
  <action id="EditorSelectWord" />
  <action id="Refactorings.QuickListPopupAction">
    <keyboard-shortcut first-keystroke="alt q" />
  </action>
  <action id="ReformatCode">
    <keyboard-shortcut first-keystroke="alt f" />
  </action>
  <action id="Rerun">
    <keyboard-shortcut first-keystroke="alt r" />
  </action>
  <action id="ShowIntentionActions">
    <keyboard-shortcut first-keystroke="alt a" />
  </action>
  <action id="ShowReformatFileDialog">
    <keyboard-shortcut first-keystroke="alt e" />
  </action>
  <action id="SmartTypeCompletion">
    <keyboard-shortcut first-keystroke="alt s" />
  </action>
  <action id="SurroundWith">
    <keyboard-shortcut first-keystroke="alt c" />
  </action>
  <action id="tasks.close" />
</keymap>