<keymap version="1" name="Windows copy" parent="$default">
  <action id="CloseAllEditors">
    <keyboard-shortcut first-keystroke="shift ctrl w" />
  </action>
  <action id="CloseContent">
    <keyboard-shortcut first-keystroke="ctrl w" />
  </action>
  <action id="CodeCompletion">
    <keyboard-shortcut first-keystroke="alt s" />
  </action>
  <action id="EditorDeleteLine">
    <keyboard-shortcut first-keystroke="alt d" />
  </action>
  <action id="EditorSelectWord" />
  <action id="EditorUnSelectWord" />
  <action id="FindInPath">
    <keyboard-shortcut first-keystroke="ctrl alt f" />
  </action>
  <action id="GuiDesigner.ShrinkSelection" />
  <action id="IntroduceField" />
  <action id="IntroduceProperty" />
  <action id="Refactorings.QuickListPopupAction">
    <keyboard-shortcut first-keystroke="alt t" />
  </action>
  <action id="ReformatCode">
    <keyboard-shortcut first-keystroke="alt f" />
  </action>
  <action id="Run">
    <keyboard-shortcut first-keystroke="alt r" />
  </action>
  <action id="ShowFilterPopup" />
  <action id="ShowIntentionActions">
    <keyboard-shortcut first-keystroke="alt a" />
  </action>
  <action id="ShowReformatFileDialog">
    <keyboard-shortcut first-keystroke="alt e" />
  </action>
  <action id="SmartSelect" />
  <action id="SmartUnSelect" />
  <action id="SurroundWith">
    <keyboard-shortcut first-keystroke="alt c" />
  </action>
  <action id="UsageGrouping.FileStructure" />
</keymap>