<application>
  <component name="ProjectJdkTable">
    <jdk version="2">
      <name value="Python 3.7" />
      <type value="Python SDK" />
      <version value="Python 3.7.4" />
      <homePath value="C:\Users\haishi\AppData\Local\Programs\Python\Python37\python.exe" />
      <roots>
        <classPath>
          <root type="composite">
            <root url="file://$USER_HOME$/AppData/Local/Programs/Python/Python37/DLLs" type="simple" />
            <root url="file://$USER_HOME$/AppData/Local/Programs/Python/Python37/Lib" type="simple" />
            <root url="file://$USER_HOME$/AppData/Local/Programs/Python/Python37" type="simple" />
            <root url="file://$USER_HOME$/AppData/Local/Programs/Python/Python37/Lib/site-packages" type="simple" />
            <root url="file://$USER_HOME$/.PyCharm2018.3/system/python_stubs/-733396408" type="simple" />
            <root url="file://$APPLICATION_HOME_DIR$/helpers/python-skeletons" type="simple" />
            <root url="file://$APPLICATION_HOME_DIR$/helpers/typeshed/stdlib/3" type="simple" />
            <root url="file://$APPLICATION_HOME_DIR$/helpers/typeshed/stdlib/2and3" type="simple" />
            <root url="file://$APPLICATION_HOME_DIR$/helpers/typeshed/third_party/3" type="simple" />
            <root url="file://$APPLICATION_HOME_DIR$/helpers/typeshed/third_party/2and3" type="simple" />
          </root>
        </classPath>
        <sourcePath>
          <root type="composite" />
        </sourcePath>
      </roots>
      <additional />
    </jdk>
    <jdk version="2">
      <name value="Python 3.7 (journalismManger)" />
      <type value="Python SDK" />
      <version value="Python 3.7.4" />
      <homePath value="C:\Users\haishi\Desktop\Python\journalismManger\env\Scripts\python.exe" />
      <roots>
        <classPath>
          <root type="composite">
            <root url="file://$USER_HOME$/AppData/Local/Programs/Python/Python37/DLLs" type="simple" />
            <root url="file://$USER_HOME$/AppData/Local/Programs/Python/Python37/Lib" type="simple" />
            <root url="file://$USER_HOME$/AppData/Local/Programs/Python/Python37" type="simple" />
            <root url="file://$USER_HOME$/Desktop/Python/journalismManger/env" type="simple" />
            <root url="file://$USER_HOME$/Desktop/Python/journalismManger/env/Lib/site-packages" type="simple" />
            <root url="jar://$USER_HOME$/Desktop/Python/journalismManger/env/Lib/site-packages/setuptools-39.1.0-py3.7.egg!/" type="simple" />
            <root url="file://$USER_HOME$/Desktop/Python/journalismManger/env/Lib/site-packages/pip-10.0.1-py3.7.egg" type="simple" />
            <root url="file://$USER_HOME$/Desktop/Python/journalismManger/env/Lib/site-packages/win32" type="simple" />
            <root url="file://$USER_HOME$/Desktop/Python/journalismManger/env/Lib/site-packages/win32/lib" type="simple" />
            <root url="file://$USER_HOME$/Desktop/Python/journalismManger/env/Lib/site-packages/pythonwin" type="simple" />
            <root url="file://$USER_HOME$/.PyCharm2018.3/system/python_stubs/1010460766" type="simple" />
            <root url="file://$APPLICATION_HOME_DIR$/helpers/python-skeletons" type="simple" />
            <root url="file://$APPLICATION_HOME_DIR$/helpers/typeshed/stdlib/3" type="simple" />
            <root url="file://$APPLICATION_HOME_DIR$/helpers/typeshed/stdlib/2and3" type="simple" />
            <root url="file://$APPLICATION_HOME_DIR$/helpers/typeshed/third_party/3" type="simple" />
            <root url="file://$APPLICATION_HOME_DIR$/helpers/typeshed/third_party/2and3" type="simple" />
          </root>
        </classPath>
        <sourcePath>
          <root type="composite" />
        </sourcePath>
      </roots>
      <additional ASSOCIATED_PROJECT_PATH="$USER_HOME$/Desktop/Python/journalismManger" />
    </jdk>
    <jdk version="2">
      <name value="Python 3.7 (Robot)" />
      <type value="Python SDK" />
      <version value="Python 3.7.4" />
      <homePath value="C:\Users\haishi\Desktop\Python\Robot\env\Scripts\python.exe" />
      <roots>
        <classPath>
          <root type="composite">
            <root url="file://$USER_HOME$/AppData/Local/Programs/Python/Python37/DLLs" type="simple" />
            <root url="file://$USER_HOME$/AppData/Local/Programs/Python/Python37/Lib" type="simple" />
            <root url="file://$USER_HOME$/AppData/Local/Programs/Python/Python37" type="simple" />
            <root url="file://$USER_HOME$/Desktop/Python/Robot/env" type="simple" />
            <root url="file://$USER_HOME$/Desktop/Python/Robot/env/Lib/site-packages" type="simple" />
            <root url="jar://$USER_HOME$/Desktop/Python/Robot/env/Lib/site-packages/setuptools-39.1.0-py3.7.egg!/" type="simple" />
            <root url="file://$USER_HOME$/Desktop/Python/Robot/env/Lib/site-packages/pip-10.0.1-py3.7.egg" type="simple" />
            <root url="file://$USER_HOME$/.PyCharm2018.3/system/python_stubs/1531438018" type="simple" />
            <root url="file://$APPLICATION_HOME_DIR$/helpers/python-skeletons" type="simple" />
            <root url="file://$APPLICATION_HOME_DIR$/helpers/typeshed/stdlib/3" type="simple" />
            <root url="file://$APPLICATION_HOME_DIR$/helpers/typeshed/stdlib/2and3" type="simple" />
            <root url="file://$APPLICATION_HOME_DIR$/helpers/typeshed/third_party/3" type="simple" />
            <root url="file://$APPLICATION_HOME_DIR$/helpers/typeshed/third_party/2and3" type="simple" />
          </root>
        </classPath>
        <sourcePath>
          <root type="composite" />
        </sourcePath>
      </roots>
      <additional ASSOCIATED_PROJECT_PATH="$USER_HOME$/Desktop/Python/Robot" />
    </jdk>
    <jdk version="2">
      <name value="Python 3.7 (Keras_age_gender-master)" />
      <type value="Python SDK" />
      <version value="Python 3.7.4" />
      <homePath value="C:\Users\haishi\Desktop\Python\Keras_age_gender-master\env\Scripts\python.exe" />
      <roots>
        <classPath>
          <root type="composite">
            <root url="file://$USER_HOME$/AppData/Local/Programs/Python/Python37/DLLs" type="simple" />
            <root url="file://$USER_HOME$/AppData/Local/Programs/Python/Python37/Lib" type="simple" />
            <root url="file://$USER_HOME$/AppData/Local/Programs/Python/Python37" type="simple" />
            <root url="file://$USER_HOME$/Desktop/Python/Keras_age_gender-master/env" type="simple" />
            <root url="file://$USER_HOME$/Desktop/Python/Keras_age_gender-master/env/Lib/site-packages" type="simple" />
            <root url="jar://$USER_HOME$/Desktop/Python/Keras_age_gender-master/env/Lib/site-packages/setuptools-39.1.0-py3.7.egg!/" type="simple" />
            <root url="file://$USER_HOME$/Desktop/Python/Keras_age_gender-master/env/Lib/site-packages/pip-10.0.1-py3.7.egg" type="simple" />
            <root url="file://$USER_HOME$/.PyCharm2018.3/system/python_stubs/889090323" type="simple" />
            <root url="file://$APPLICATION_HOME_DIR$/helpers/python-skeletons" type="simple" />
            <root url="file://$APPLICATION_HOME_DIR$/helpers/typeshed/stdlib/3" type="simple" />
            <root url="file://$APPLICATION_HOME_DIR$/helpers/typeshed/stdlib/2and3" type="simple" />
            <root url="file://$APPLICATION_HOME_DIR$/helpers/typeshed/third_party/3" type="simple" />
            <root url="file://$APPLICATION_HOME_DIR$/helpers/typeshed/third_party/2and3" type="simple" />
          </root>
        </classPath>
        <sourcePath>
          <root type="composite" />
        </sourcePath>
      </roots>
      <additional ASSOCIATED_PROJECT_PATH="$USER_HOME$/Desktop/Python/Keras_age_gender-master" />
    </jdk>
  </component>
</application>