<application>
  <component name="PropertiesComponent">
    <property name="Copy.OpenInEditor" value="true" />
    <property name="Darcula.SavedEditorTheme" value="_@user_Darcula" />
    <property name="DocumentationAutoUpdateEnabled" value="true" />
    <property name="FileTemplates.SelectedTemplate" value="HTML File" />
    <property name="KEYMAP" value="surr&#10;close&#10;smar&#10;class&#10;refa" />
    <property name="LayoutCode.codeCleanup" value="true" />
    <property name="LayoutCode.optimizeImports" value="true" />
    <property name="LayoutCode.processChangedText" value="false" />
    <property name="LayoutCode.rearrangeEntriesPython" value="false" />
    <property name="MemberChooser.copyJavadoc" value="false" />
    <property name="MemberChooser.showClasses" value="true" />
    <property name="PACKAGE_FILTER" value="pygame&#10;tensorflow" />
    <property name="PyCharm.InitialConfiguration" value="true" />
    <property name="PyCharm.InitialConfiguration.V2" value="true" />
    <property name="PyCharm.InitialConfiguration.V3" value="true" />
    <property name="PyCharm.InitialConfiguration.V4" value="true" />
    <property name="PyCharm.InitialConfiguration.V5" value="true" />
    <property name="PyCharm.InitialConfiguration.V6" value="true" />
    <property name="PyCharm.InitialConfiguration.V7" value="true" />
    <property name="PyCharm.initialConfigurationShown" value="true" />
    <property name="SettingsSearchHistory" value="code&#10;smart&#10;font" />
    <property name="ShowDocumentationInToolWindow" value="true" />
    <property name="SplitFileEditor.Proportion" value="0.4374034" />
    <property name="TrendingPluginsSearchHistory" value="ignore" />
    <property name="com.intellij.history.integration.ui.views.FileHistoryDialog.0" value="300" />
    <property name="com.intellij.history.integration.ui.views.FileHistoryDialog.1" value="800" />
    <property name="evlsprt3.183" value="19" />
    <property name="file.chooser.recent.files" value="C:/Anaconda3/python.exe&#10;D:/Dev/Conda3/python.exe&#10;C:/Users/haishi/Desktop/Project/UDPSender.java" />
    <property name="file.gist.reindex.count" value="96828" />
    <property name="fileTypeChangedCounter" value="2" />
    <property name="lastTip" value="1" />
    <property name="python.app.engine.sdk.path" value="" />
    <property name="quick.doc.font.size" value="LARGE" />
    <property name="settings.code.style.selected.tab.Python" value="Imports" />
    <property name="ts.lib.d.ts.version" value="3.2.1" />
  </component>
  <component name="PyTestFrameworkService">
    <option name="SDK_TO_PYTEST">
      <map>
        <entry key="C:\Users\haishi\AppData\Local\Programs\Python\Python37\python.exe" value="false" />
        <entry key="C:\Users\haishi\Desktop\Python\Keras_age_gender-master\env\Scripts\python.exe" value="false" />
        <entry key="C:\Users\haishi\Desktop\Python\Robot\env\Scripts\python.exe" value="false" />
        <entry key="C:\Users\haishi\Desktop\Python\journalismManger\env\Scripts\python.exe" value="false" />
        <entry key="D:\Dev\Conda3\python.exe" value="true" />
      </map>
    </option>
    <option name="SDK_TO_NOSETEST">
      <map>
        <entry key="C:\Users\haishi\AppData\Local\Programs\Python\Python37\python.exe" value="false" />
        <entry key="C:\Users\haishi\Desktop\Python\Keras_age_gender-master\env\Scripts\python.exe" value="false" />
        <entry key="C:\Users\haishi\Desktop\Python\Robot\env\Scripts\python.exe" value="false" />
        <entry key="C:\Users\haishi\Desktop\Python\journalismManger\env\Scripts\python.exe" value="false" />
        <entry key="D:\Dev\Conda3\python.exe" value="true" />
      </map>
    </option>
    <option name="SDK_TO_TRIALTEST">
      <map>
        <entry key="C:\Users\haishi\AppData\Local\Programs\Python\Python37\python.exe" value="false" />
        <entry key="C:\Users\haishi\Desktop\Python\Keras_age_gender-master\env\Scripts\python.exe" value="false" />
        <entry key="C:\Users\haishi\Desktop\Python\Robot\env\Scripts\python.exe" value="false" />
        <entry key="C:\Users\haishi\Desktop\Python\journalismManger\env\Scripts\python.exe" value="false" />
        <entry key="D:\Dev\Conda3\python.exe" value="false" />
      </map>
    </option>
  </component>
</application>