<profile version="1.0">
  <option name="myName" value="Default" />
  <inspection_tool class="PyBroadExceptionInspection" enabled="false" level="WEAK WARNING" enabled_by_default="false" />
  <inspection_tool class="PyPackageRequirementsInspection" enabled="true" level="WARNING" enabled_by_default="true">
    <option name="ignoredPackages">
      <value>
        <list size="35">
          <item index="0" class="java.lang.String" itemvalue="PyJWT" />
          <item index="1" class="java.lang.String" itemvalue="greenlet" />
          <item index="2" class="java.lang.String" itemvalue="kombu" />
          <item index="3" class="java.lang.String" itemvalue="importlib-metadata" />
          <item index="4" class="java.lang.String" itemvalue="Jinja2" />
          <item index="5" class="java.lang.String" itemvalue="redis" />
          <item index="6" class="java.lang.String" itemvalue="gevent-websocket" />
          <item index="7" class="java.lang.String" itemvalue="eventlet" />
          <item index="8" class="java.lang.String" itemvalue="celery" />
          <item index="9" class="java.lang.String" itemvalue="zipp" />
          <item index="10" class="java.lang.String" itemvalue="monotonic" />
          <item index="11" class="java.lang.String" itemvalue="gevent" />
          <item index="12" class="java.lang.String" itemvalue="vine" />
          <item index="13" class="java.lang.String" itemvalue="billiard" />
          <item index="14" class="java.lang.String" itemvalue="Flask" />
          <item index="15" class="java.lang.String" itemvalue="pymongo" />
          <item index="16" class="java.lang.String" itemvalue="Flask-Cors" />
          <item index="17" class="java.lang.String" itemvalue="Werkzeug" />
          <item index="18" class="java.lang.String" itemvalue="amqp" />
          <item index="19" class="java.lang.String" itemvalue="aniso8601" />
          <item index="20" class="java.lang.String" itemvalue="python-engineio" />
          <item index="21" class="java.lang.String" itemvalue="uWSGI" />
          <item index="22" class="java.lang.String" itemvalue="gunicorn" />
          <item index="23" class="java.lang.String" itemvalue="python-socketio" />
          <item index="24" class="java.lang.String" itemvalue="Flask-SocketIO" />
          <item index="25" class="java.lang.String" itemvalue="pytz" />
          <item index="26" class="java.lang.String" itemvalue="Flask-RESTful" />
          <item index="27" class="java.lang.String" itemvalue="requests" />
          <item index="28" class="java.lang.String" itemvalue="urllib3" />
          <item index="29" class="java.lang.String" itemvalue="idna" />
          <item index="30" class="java.lang.String" itemvalue="chardet" />
          <item index="31" class="java.lang.String" itemvalue="dnspython" />
          <item index="32" class="java.lang.String" itemvalue="certifi" />
          <item index="33" class="java.lang.String" itemvalue="rsa" />
          <item index="34" class="java.lang.String" itemvalue="pyasn1" />
        </list>
      </value>
    </option>
  </inspection_tool>
  <inspection_tool class="PyPep8Inspection" enabled="true" level="WEAK WARNING" enabled_by_default="true">
    <option name="ignoredErrors">
      <list>
        <option value="E701" />
        <option value="E203" />
        <option value="E722" />
      </list>
    </option>
  </inspection_tool>
  <inspection_tool class="PyPep8NamingInspection" enabled="true" level="WEAK WARNING" enabled_by_default="true">
    <option name="ignoredErrors">
      <list>
        <option value="N802" />
        <option value="N806" />
      </list>
    </option>
  </inspection_tool>
</profile>