<keymap version="1" name="Mac OS X 10.5+ copy" parent="Mac OS X 10.5+">
  <action id="CloseAllEditors">
    <keyboard-shortcut first-keystroke="shift meta w" />
  </action>
  <action id="Debug" />
  <action id="EditorDeleteLine">
    <keyboard-shortcut first-keystroke="ctrl d" />
  </action>
  <action id="EditorLineEnd">
    <keyboard-shortcut first-keystroke="end" />
    <keyboard-shortcut first-keystroke="meta right" />
  </action>
  <action id="EditorLineStart">
    <keyboard-shortcut first-keystroke="home" />
    <keyboard-shortcut first-keystroke="meta left" />
  </action>
  <action id="EditorRight">
    <keyboard-shortcut first-keystroke="right" />
  </action>
  <action id="MarkExcludeRoot">
    <keyboard-shortcut first-keystroke="ctrl meta e" />
  </action>
  <action id="MarkSourceRoot">
    <keyboard-shortcut first-keystroke="ctrl meta s" />
  </action>
  <action id="Refactorings.QuickListPopupAction">
    <keyboard-shortcut first-keystroke="ctrl q" />
  </action>
  <action id="ReformatCode">
    <keyboard-shortcut first-keystroke="ctrl f" />
  </action>
  <action id="ShowIntentionActions">
    <keyboard-shortcut first-keystroke="ctrl a" />
  </action>
  <action id="ShowReformatFileDialog">
    <keyboard-shortcut first-keystroke="ctrl e" />
  </action>
  <action id="SurroundWith">
    <keyboard-shortcut first-keystroke="ctrl c" />
  </action>
  <action id="UnmarkRoot">
    <keyboard-shortcut first-keystroke="ctrl meta u" />
  </action>
</keymap>